"Id","経度","緯度","分類"
"","139.678876645226","35.6922351892329","弥生区民活動センター圏域図"
