"Id","経度","緯度","分類"
"","139.638094077822","35.7210000167323","鷺宮区民活動センター圏域図"
