"Id","経度","緯度","分類"
"","139.674908956119","35.7087060642545","昭和区民活動センター圏域図"
