"Id","経度","緯度","分類"
"","139.648778837586","35.7132757711526","大和区民活動センター圏域図"
