"Id","経度","緯度","分類"
"","139.665782809878","35.7144531414762","新井区民活動センター圏域図"
