"Id","経度","緯度","分類"
"","139.654842622416","35.7175120905019","野方区民活動センター圏域図"
