"Id","経度","緯度","分類"
"","139.680090295968","35.7006013380083","東部区民活動センター圏域図"
