"Id","経度","緯度","分類"
"","139.667432295553","35.6953714015764","鍋横区民活動センター圏域図"
