"Id","経度","緯度","分類"
"","139.666912141176","35.7042814912008","桃園区民活動センター圏域図"
