名称,所在地,入浴,電話,FAX,緯度,経度
北品川,北品川1-29-12,○,03-3471-6507,03-3472-2517,35.620626 ,139.741727 
五反田,"東五反田2-15-6
（併設：五反田保育園・五反田ふれあいデイホーム）",無,03-3445-0296,03-3445-6989,35.621905 ,139.729559 
西五反田,"西五反田3-9-10
（併設：西五反田保育園）",無,03-3493-0076,03-3493-9902,35.626554 ,139.716843 
上大崎,上大崎1-3-12,○,03-3449-1750,03-3449-4840,35.634604 ,139.722083 
南大井,"南大井3-7-13
（併設：南大井保育園・南大井児童センター・南大井図書館）",○,03-3761-6540,03-3298-4531,35.591579 ,139.734378 
ゆたか,"豊町3-2-15
（併設：公益社団法人品川区シルバー人材センターゆたか支所）",無,03-3781-5424,03-3781-0803,35.608370 ,139.719640 
旗の台,旗の台4-13-1,○,03-3783-7479,03-3783-7486,35.602562 ,139.704711 
小山,小山5-17-18,○,03-3785-6420,03-5751-1936,35.614829 ,139.701377 
関ヶ原,"東大井6-11-11
（併設：いきいきラボ関ヶ原）",無,03-3765-7022,03-3765-5889,35.601899 ,139.736478 
後地,"小山2-9-19
（併設：後地児童センター）",無,03-3781-6506,03-3781-3328,35.836527 ,139.780065 
南品川,南品川5-10-3,○,03-3471-7000,03-3472-4874,35.610210 ,139.739819 
西大井いきいきセンター,"西大井2-5-21
（運営：社会福祉法人こうほうえん）",○,03-5718-1330,03-5718-1330,35.599172 ,139.722257 
東品川,"東品川3-32-10
（併設：東品川文化センター）",○,03-3472-2944,03-3472-8972,35.612866 ,139.750568 
,,,,,,
,,,,,,
,,,,,,
,,,,,,
,,,,,,
,,,,,,
,,,,,,
,,,,,,
,,,,,,
,,,,,,
,,,,,,
,,,,,,
,,,,,,
,,,,,,
,,,,,,
,,,,,,
,,,,,,
,,,,,,
,,,,,,
,,,,,,
,,,,,,
,,,,,,
,,,,,,
,,,,,,
,,,,,,
,,,,,,
,,,,,,
,,,,,,
,,,,,,
,,,,,,
