"Id","経度","緯度","分類"
"","139.671264722733","35.7093085209909","中野_地域包括支援センター圏域0624"
