"Id","経度","緯度","分類"
"","139.64608418242","35.715768036005","鷺宮_地域包括支援センター圏域0624"
