"Id","経度","緯度","分類"
"","139.673129107431","35.6936425111029","本町_地域包括支援センター圏域0624"
