"Id","経度","緯度","分類"
"","139.665599992321","35.7209735803588","中野北_地域包括支援センター圏域0624"
