"Id","経度","緯度","分類"
"","139.637205585331","35.726121988175","上鷺宮_地域包括支援センター圏域0624"
