"Id","経度","緯度","分類"
"","139.68294969107","35.7031498081479","東中野_地域包括支援センター圏域0624"
