"Id","経度","緯度","分類"
"","139.668652737699","35.684087744549","南中野_地域包括支援センター圏域0624"
