"Id","経度","緯度","分類"
"","139.659331647449","35.7234475786535","江古田_地域包括支援センター圏域0624"
