一連番号,測定地点の住所,緯度,経度,座標系,道路名,環境基準類型等,測定開始年月日,測定終了年月日,道路種別,車線数,車道端からの距離(m),地上からの高さ(m),昼間等価騒音レベル(Leq)(dB),夜間等価騒音レベル(Leq)(dB)
474,武蔵野市中町２－１０,35.706509,139.563416,JGD2011,主地道７号（杉並あきる野線）,c,2008‐11‐13,2008‐11‐14,4,2,0.0 ,1.5,70,68
475,武蔵野市中町３－９－１１,35.711914,139.565796,JGD2011,主地道７号（杉並あきる野線）,c,2008‐11‐05,2008‐11‐06,4,2,1.0 ,1.5,67,65
476,武蔵野市中町３－４,35.711681,139.564117,JGD2011,都道１２１号線（武蔵野調布線）,c,2008‐11‐10,2008‐11‐11,4,2,0.0 ,1.5,72,67
477,武蔵野市関前１－９,35.710793,139.544022,JGD2011,主地道１２号（調布田無線）,c,2008‐11‐20,2008‐11‐21,4,2,0.0 ,1.5,69,66
478,武蔵野市八幡町４－２８－１３,35.720028,139.554337,JGD2011,主地道７号（杉並あきる野線）,b,2008‐11‐04,2008‐11‐05,4,3,0.0 ,1.5,69,66
479,武蔵野市吉祥寺東町１－２３,35.708572,139.588120,JGD2011,都道１１３号線（杉並武蔵野線）,a,2008‐11‐17,2008‐11‐18,4,2,1.0 ,1.5,67,63
480,武蔵野市御殿山１－１９,35.699440,139.572311,JGD2011,都道１１４号線（武蔵野狛江線）,a,2008‐11‐18,2008‐11‐19,4,3,0.0 ,1.5,70,69
481,武蔵野市境南町５－１０,35.695648,139.537155,JGD2011,都道１２３号線（境調布線）,a,2008‐10‐28,2008‐10‐29,4,2,0.0 ,1.5,66,61
