一連番号,測定地点の住所,緯度,経度,座標系,道路名,環境基準類型等,測定開始年月日,測定終了年月日,道路種別,車線数,車道端からの距離(m),地上からの高さ(m),昼間等価騒音レベル(Leq)(dB),夜間等価騒音レベル(Leq)(dB)
612,武蔵村山市三ツ木３－２３－１１,35.760361,139.371445,JGD2011,都道新宿青梅線（青梅街道）,b,2008‐10‐21,2008‐10‐22,4,2,2.1,1.2,70,67
613,武蔵村山市中藤４－１８－１,35.757717,139.403427,JGD2011,都道新宿青梅線（青梅街道）,b,2008‐10‐21,2008‐10‐22,4,2,1.2,1.2,68,62
614,武蔵村山市三ツ藤３－７－８,35.756331,139.371374,JGD2011,都道新宿青梅線（新青梅街道）,b,2008‐10‐20,2008‐10‐21,4,4,2.5,1.2,72,68
615,武蔵村山市学園３－２４－１,35.748326,139.405331,JGD2011,都道新宿青梅線（新青梅街道）,b,2008‐10‐20,2008‐10‐21,4,4,2.5,1.2,74,70
616,武蔵村山市残堀５－８－１,35.749798,139.373489,JGD2011,都道三ツ木八王子線,b,2008‐10‐21,2008‐10‐22,4,2,3.7,1.2,69,65
617,武蔵村山市榎３－１１３－６,35.749404,139.383198,JGD2011,都道八王子武蔵村山線,b,2008‐10‐22,2008‐10‐23,4,2,3.5,1.2,67,65
618,武蔵村山市伊奈平２－１９－１,35.740856,139.382156,JGD2011,都道八王子武蔵村山線,c,2008‐10‐22,2008‐10‐23,4,2,3.5,1.2,68,64
619,武蔵村山市大南１－１４８,35.736668,139.395889,JGD2011,都道所沢武蔵村山立川線,c,2008‐10‐22,2008‐10‐23,4,2,2.2,1.2,66,64
620,武蔵村山市榎１－１－２８,35.746030,139.387530,JGD2011,市道２号線（江戸街道）,c,2008‐10‐20,2008‐10‐21,6,2,3.5,1.2,63,58
