一連番号,測定地点の住所,緯度,経度,座標系,道路名,環境基準類型等,測定開始年月日,測定終了年月日,道路種別,車線数,車道端からの距離(m),地上からの高さ(m),昼間等価騒音レベル(Leq)(dB),夜間等価騒音レベル(Leq)(dB)
482,三鷹市上連雀９－４１－４,35.686935,139.550186,JGD2011,都道調布田無線（武蔵境通り）,a,2008‐06‐02,2008‐06‐06,4,2,2.0 ,1.0 ,-,-
483,三鷹市上連雀９－１８－1６,35.683826,139.552261,JGD2011,都道府中三鷹線（人見街道）,b,2008‐06‐09,2008‐06‐13,4,2,2.0 ,1.0 ,70,67
484,三鷹市新川６－３０－２２,35.681416,139.564667,JGD2011,都道新宿国立線（東八道路）,b,2008‐06‐16,2008‐06‐20,4,4,3.0 ,1.0 ,68,65
485,三鷹市下連雀１－１３－１,35.696217,139.569916,JGD2011,都道武蔵野狛江線（吉祥寺通り）,b,2008‐06‐23,2008‐06‐27,4,2,2.0 ,1.0 ,72,70
486,三鷹市下連雀２－２６－９,35.697021,139.565842,JGD2011,市道市道６号線（むらさき橋通り）,b,2008‐06‐30,2008‐07‐04,6,2,2.0 ,1.0 ,69,66
487,三鷹市上連雀８－１２,35.684143,139.555481,JGD2011,都道府中三鷹線（人見街道）,B,2008‐11‐26,2008‐11‐27,4,2,3.0 ,1.2,73,70
488,三鷹市下連雀１－１,35.695992,139.571091,JGD2011,武蔵野狛江線（吉祥寺通り）,A,2008‐11‐26,2008‐11‐27,4,2,4.5,1.2,72,70
489,三鷹市北野４－５,35.671806,139.584747,JGD2011,都道世田谷三鷹線（吉祥寺通り）,A,2008‐11‐26,2008‐11‐27,4,2,4.3,1.2,67,63
