一連番号,測定地点の住所,緯度,経度,座標系,道路名,環境基準類型等,測定開始年月日,測定終了年月日,道路種別,車線数,車道端からの距離(m),地上からの高さ(m),昼間等価騒音レベル(Leq)(dB),夜間等価騒音レベル(Leq)(dB)
465,立川市泉町７８６－１１,35.719000,139.418720,JGD2011,都道立川東大和線（芋窪街道）,a,2008‐10‐27,2008‐10‐28,4,4,6.0 ,1.5,68,63
466,立川市西砂町６－１２－１０,35.729572,139.372147,JGD2011,都道杉並あきる野線（五日市街道）,a,2008‐10‐07,2008‐10‐08,4,2,2.0 ,1.5,73,72
467,立川市柴崎町１－１７－７,35.692390,139.406006,JGD2011,都道立川青梅線（旧奥多摩街道）,a,2008‐10‐23,2008‐10‐24,4,2,1.0 ,1.2,68,62
468,立川市幸町３－３－９,35.718674,139.431012,JGD2011,都道立川所沢線（立川通り）,b,2008‐10‐16,2008‐10‐17,4,2,2.0 ,1.2,69,67
469,立川市幸町４－３－１,35.723169,139.426387,JGD2011,都道杉並あきる野線（五日市街道）,b,2008‐10‐29,2008‐10‐30,4,2,2.0 ,1.2,69,67
470,立川市高松町２－２６－３,35.705067,139.418915,JGD2011,都道立川所沢線（高松大通り）,c,2008‐10‐14,2008‐10‐15,4,2,3.0 ,1.2,73,71
471,立川市幸町５－８３－１,35.725777,139.418456,JGD2011,都道立川東大和線（芋窪街道）,c,2008‐10‐21,2008‐10‐22,4,4,3.0 ,1.2,69,66
472,立川市錦町３－２－２６,35.693916,139.418854,JGD2011,都道立川所沢線（立川通り）,c,2008‐10‐06,2008‐10‐07,4,4,2.0 ,1.2,71,68
473,立川市富士見町７－３９,35.691193,139.397751,JGD2011,都道立川青梅線（新奥多摩街道）,c,2008‐10‐20,2008‐10‐21,4,4,3.0 ,1.5,68,65
