一連番号,測定地点の住所,緯度,経度,座標系,道路名,環境基準類型等,測定開始年月日,測定終了年月日,道路種別,車線数,車道端からの距離(m),地上からの高さ(m),昼間等価騒音レベル(Leq)(dB),夜間等価騒音レベル(Leq)(dB)
276,北区岩淵町２６－６,35.785576,139.721802,JGD2011,国道１２２号線（北本通り）,c,2008‐10‐30,2008‐10‐31,3,5,4.5,1.7,68,65
277,北区神谷３－３０－２,35.770996,139.733536,JGD2011,国道１２３号線（北本通り）,c,2008‐11‐04,2008‐11‐05,3,6,3.4,1.3,72,68
278,北区神谷１－１０－１,35.768646,139.734360,JGD2011,国道１２４号線（北本通り）,c,2008‐11‐06,2008‐11‐07,3,7,3.2,1.3,70,67
279,北区昭和町３－９－１０,35.749462,139.751129,JGD2011,都道王子千住南砂町線（明治通り）,c,2008‐11‐11,2008‐11‐12,4,4,3.8,1.3,70,66
280,北区滝野川１－９０－８,35.746017,139.730728,JGD2011,国道１２２号線（明治通り）,c,2008‐11‐17,2008‐11‐18,3,4,4.6,1.4,74,71
281,北区赤羽北１－１２－１,35.785896,139.712280,JGD2011,都環状８号線（環八通り）,c,2008‐11‐20,2008‐11‐21,4,4,4.0 ,1.5,71,68
282,北区上十条５－４－１,35.764732,139.717499,JGD2011,都環状７号線（環七通り）,c,2008‐11‐25,2008‐11‐26,4,4,4.7,1.7,76,74
283,北区桐ヶ丘１－９,35.776329,139.708298,JGD2011,都道常盤台赤羽線,A,2009‐02‐03,2009‐02‐04,4,3,3.5,1.2,69,66
284,北区上十条４－９,35.763569,139.715408,JGD2011,都道環状７号線（環七通り）,C,2009‐02‐03,2009‐02‐04,4,4,4.0 ,1.2,78,76
