一連番号,測定地点の住所,緯度,経度,座標系,道路名,環境基準類型等,測定開始年月日,測定終了年月日,道路種別,車線数,車道端からの距離(m),地上からの高さ(m),昼間等価騒音レベル(Leq)(dB),夜間等価騒音レベル(Leq)(dB)
285,荒川区南千住１－５９,35.734081,139.793381,JGD2011,国道４号線（日光街道）,c,2008‐12‐16,2008‐12‐19,3,4,4.1,1.4,73,71
286,荒川区荒川２－２,35.736259,139.783386,JGD2011,都道王子千住南砂町線（明治通り）,c,2008‐06‐02,2008‐06‐06,4,6,4.2,1.5,72,70
287,荒川区東尾久５－６,35.747059,139.769058,JGD2011,都道台東鳩ヶ谷線（尾久橋通り）,c,2008‐04‐21,2008‐04‐25,4,4,3.2,1.5,74,70
288,荒川区荒川３－６７,35.734917,139.778183,JGD2011,都道上野尾竹橋線（尾竹橋通り）,c,2008‐09‐29,2008‐10‐03,4,4,3.4,1.4,69,67
289,荒川区町屋３－８,35.746952,139.782974,JGD2011,都道上野尾竹橋線（尾竹橋通り）,c,2008‐10‐20,2008‐10‐24,4,2,3.5,1.5,69,67
290,荒川区東日暮里６－１７,35.729103,139.777298,JGD2011,特別区道荒１０７号（日暮里中央通り）,c,2008‐11‐10,2008‐11‐14,6,2,4.1,1.7,66,61
291,荒川区東尾久６－３５,35.749165,139.772858,JGD2011,特別区道荒１１１号（旭電化通り）,c,2008‐12‐01,2008‐12‐05,6,2,2.5,1.5,66,62
292,荒川区東日暮里５－４２,35.727264,139.774734,JGD2011,都道台東鳩ヶ谷線（尾久橋通り）,C,2008‐09‐17,2008‐09‐18,4,4,6.6,1.2,66,62
293,荒川区町屋８－３,35.748070,139.784546,JGD2011,都道上野尾竹橋線（尾竹橋通り）,C,2008‐09‐17,2008‐09‐18,4,2,3.5,1.2,68,65
