一連番号,測定地点の住所,緯度,経度,座標系,道路名,環境基準類型等,測定開始年月日,測定終了年月日,道路種別,車線数,車道端からの距離(m),地上からの高さ(m),昼間等価騒音レベル(Leq)(dB),夜間等価騒音レベル(Leq)(dB)
590,福生市本町５,35.738701,139.326782,JGD2011,都道立川・青梅線（新奥多摩街道）,c,2008‐12‐24,2008‐12‐25,4,2,3.0 ,1.5,67,65
591,福生市牛浜１６３,35.733948,139.336945,JGD2011,都道杉並・あきる野線（五日市街道）,a,2008‐12‐18,2008‐12‐19,4,2,3.0 ,1.5,64,59
592,福生市福生２３００－４,35.740550,139.337811,JGD2011,国道１６号線,c,2008‐12‐16,2008‐12‐17,3,4,3.0 ,1.5,76,75
593,福生市熊川３０４,35.719582,139.333450,JGD2011,都道杉並・あきる野線（睦橋通り）,b,2008‐12‐11,2008‐12‐12,4,4,3.0 ,2.0 ,70,67
594,福生市熊川１６３１,35.723953,139.348816,JGD2011,都道杉並・あきる野線（五日市街道）,c,2008‐12‐08,2008‐12‐09,4,2,3.0 ,1.5,70,67
595,福生市熊川１１２０－１,35.731507,139.341740,JGD2011,国道１６号線,C,2008‐12‐08,2008‐12‐09,3,4,3.1,1.2,70,67
596,福生市福生２２１５,35.742916,139.337067,JGD2011,国道１６号線,C,2008‐12‐10,2008‐12‐11,3,4,3.0 ,1.2,73,74
